{"cameraMode":{"drawMode":0,"name":"Shaded","section":"Shading Mode"},"sceneLighting":false,"audioPlay":false,"sceneViewState":{"m_AlwaysRefresh":false,"showFog":true,"showSkybox":false,"showFlares":true,"showImageEffects":true,"showParticleSystems":true,"showVisualEffectGraphs":true,"m_FxEnabled":true},"in2DMode":false,"pivot":{"x":33.96392822265625,"y":1.1567003726959229,"z":2.01326847076416},"rotation":{"x":-0.17429764568805695,"y":-0.08202247321605683,"z":0.014570767059922219,"w":-0.9811632037162781},"size":13.608617782592774,"orthographic":false}